INSERT INTO additional_options VALUES (10000, 'BREAKFAST', 100);
INSERT INTO additional_options VALUES (10001, 'CLEANING', 50);
INSERT INTO additional_options VALUES (10002, 'BREAKFAST', 200);
INSERT INTO additional_options VALUES (10003, 'CLEANING', 100);
INSERT INTO additional_options VALUES (10004, 'BREAKFAST', 250);
INSERT INTO additional_options VALUES (10005, 'CLEANING', 150);
INSERT INTO additional_options VALUES (10006, 'BREAKFAST', 500);
INSERT INTO additional_options VALUES (10007, 'CLEANING', 400);

INSERT INTO room VALUES (10000, 'SINGLE', 1000, 200, 'UNOCCUPIED');
INSERT INTO room VALUES (10001, 'SINGLE', 1000, 201, 'UNOCCUPIED');
INSERT INTO room VALUES (10002, 'SINGLE', 1000, 202, 'UNOCCUPIED');
INSERT INTO room VALUES (10003, 'SINGLE', 1000, 203, 'UNOCCUPIED');
INSERT INTO room VALUES (10004, 'SINGLE', 1000, 204, 'OCCUPIED');
INSERT INTO room VALUES (10005, 'DOUBLE', 1500, 300, 'UNOCCUPIED');
INSERT INTO room VALUES (10006, 'DOUBLE', 1500, 301, 'UNOCCUPIED');
INSERT INTO room VALUES (10007, 'DOUBLE', 1500, 302, 'UNOCCUPIED');
INSERT INTO room VALUES (10008, 'DOUBLE', 1500, 303, 'UNOCCUPIED');
INSERT INTO room VALUES (10009, 'DOUBLE', 1500, 304, 'UNOCCUPIED');
INSERT INTO room VALUES (10010, 'DELUXE', 3000, 400, 'UNOCCUPIED');
INSERT INTO room VALUES (10011, 'DELUXE', 3000, 401, 'UNOCCUPIED');
INSERT INTO room VALUES (10012, 'DELUXE', 3000, 402, 'UNOCCUPIED');
INSERT INTO room VALUES (10013, 'DELUXE', 3000, 403, 'UNOCCUPIED');
INSERT INTO room VALUES (10014, 'PRESIDENTIAL', 6000, 500, 'OCCUPIED');

INSERT INTO room_options VALUES (10000, 10000);
INSERT INTO room_options VALUES (10000, 10001);
INSERT INTO room_options VALUES (10001, 10000);
INSERT INTO room_options VALUES (10001, 10001);
INSERT INTO room_options VALUES (10002, 10000);
INSERT INTO room_options VALUES (10002, 10001);
INSERT INTO room_options VALUES (10003, 10000);
INSERT INTO room_options VALUES (10003, 10001);
INSERT INTO room_options VALUES (10004, 10000);
INSERT INTO room_options VALUES (10004, 10001);
INSERT INTO room_options VALUES (10005, 10002);
INSERT INTO room_options VALUES (10005, 10003);
INSERT INTO room_options VALUES (10006, 10002);
INSERT INTO room_options VALUES (10006, 10003);
INSERT INTO room_options VALUES (10007, 10002);
INSERT INTO room_options VALUES (10007, 10003);
INSERT INTO room_options VALUES (10008, 10002);
INSERT INTO room_options VALUES (10008, 10003);
INSERT INTO room_options VALUES (10009, 10002);
INSERT INTO room_options VALUES (10009, 10003);
INSERT INTO room_options VALUES (10010, 10004);
INSERT INTO room_options VALUES (10010, 10005);
INSERT INTO room_options VALUES (10011, 10004);
INSERT INTO room_options VALUES (10011, 10005);
INSERT INTO room_options VALUES (10012, 10004);
INSERT INTO room_options VALUES (10012, 10005);
INSERT INTO room_options VALUES (10013, 10004);
INSERT INTO room_options VALUES (10013, 10005);
INSERT INTO room_options VALUES (10014, 10006);
INSERT INTO room_options VALUES (10014, 10007);

INSERT INTO customer VALUES (10000, 'Ukraine, Kiev', 'ivan@gmail.com', 'Ivan', 'Ivanov');
INSERT INTO customer VALUES (10001, 'Ukraine, Kharkov', 'olga@gmail.com', 'Olga', 'Fedorov');

INSERT INTO booking VALUES (10000, '2017-09-20 13:00:00.124', '2017-09-14 09:57:24.124', 10001);
INSERT INTO booking VALUES (10001, '2018-03-09 13:00:00.124', '2018-03-05 08:01:24.124', 10000);

INSERT INTO booking_rooms VALUES (10000, 10004);
INSERT INTO booking_rooms VALUES (10001, 10014);
